URL_PAGINA_ORIGEN;URL_DESTINO_INVALIDA
https://buenosaires.gob.ar/infracciones;https://buenosaires.gob.ar/terminos-y-condiciones-consulta-de-infracciones
https://buenosaires.gob.ar/tramites/inscripcion-de-personas-con-discapacidad-en-el-padron;https://buenosaires.gob.ar/gobierno/transparencia 
https://boletinoficial.buenosaires.gob.ar;"https://boletinoficial.buenosaires.gob.ar/filtraResultados(); return false;"
https://boletinoficial.buenosaires.gob.ar;http://www.reddeboletines.gob.ar/
https://buenosaires.gob.ar/tramites/denuncia-de-venta-de-dominio;https://buenosaires.gob.ar/jefatura-de-gabinete
https://www.buenosaires.gob.ar/privacidad;https://www.buenosaires.gob.ar/gobierno/transparencia 
https://www.buenosaires.gob.ar/privacidad;https://es.foursquare.com/legal/privacy
https://buenosaires.gob.ar/tramites/resolucion-de-infraccion-por-retencion-de-licencia-o-vehiculo;https://buenosaires.gob.ar/gobierno/atencion-ciudadana
https://www.buenosaires.gob.ar/gobierno/transparencia;https://www.buenosaires.gob.ar/igualdaddegenero
https://www.buenosaires.gob.ar/gobierno/transparencia;https://www.buenosaires.gob.ar/jefedegobierno/transparencia/proyectos-especiales
https://buenosaires.gob.ar/justicia-y-seguridad;https://concursosgcaba.buenosaires.gob.ar
https://buenosaires.gob.ar/justicia-y-seguridad;https://data.buenosaires.gob.ar/dataset/plan-gobierno
https://buenosaires.gob.ar/justicia-y-seguridad;https://buenosaires.gob.ar/tramites/inscripcion-al-registro-de-camaras-de-videovigilancia-privadas-recavip-ley-5688-libro-vii-2
https://formulario-legajo.buenosaires.gob.ar/consulta-legajo/;https://formulario-legajo.buenosaires.gob.ar/consulta-legajo/close_bweb_header()
https://formulario-legajo.buenosaires.gob.ar/consulta-legajo/;https://www.turismo.buenosaires.gob.ar/es
https://formulario-legajo.buenosaires.gob.ar/consulta-legajo/;https://buenosaires.gob.ar/justiciayseguridad/licencias-de-conducir/consulta-de-infracciones/consulta-de-legajo
https://formulario-legajo.buenosaires.gob.ar/consulta-legajo/;https://buenosaires.gob.ar/justiciayseguridad/licencias-de-conducir
https://formulario-legajo.buenosaires.gob.ar/consulta-legajo/;https://www.buenosaires.gob.ar/oficiosjudiciales
https://formulario-legajo.buenosaires.gob.ar/consulta-legajo/;https://buenosaires.gob.ar/aplicacionesmoviles
https://formulario-legajo.buenosaires.gob.ar/consulta-legajo/;https://disfrutemosba.buenosaires.gob.ar/
https://formulario-legajo.buenosaires.gob.ar/consulta-legajo/;https://www.buenosaires.gob.ar/gestion-comunal-y-atencion-ciudadana/terminos-y-condiciones-consulta-de-infracciones
https://formulario-legajo.buenosaires.gob.ar/consulta-legajo/;https://buenosaires.gob.ar/rss/noticias
https://buenosaires.gob.ar/jefaturadegabinete;https://buenosaires.gob.ar/gsanchezzinny@buenosaires.gob.ar
https://formulario-sigeci.buenosaires.gob.ar/InicioTramitePresunto?idPrestacion=1021;https://www.buenosaires.gob.ar/ecobici
https://formulario-sigeci.buenosaires.gob.ar/InicioTramitePresunto?idPrestacion=1021;https://disfrutemosba.buenosaires.gob.ar
https://formulario-sigeci.buenosaires.gob.ar/InicioTramitePresunto?idPrestacion=1021;https://www.buenosaires.gob.ar/desarrollourbano
https://formulario-sigeci.buenosaires.gob.ar/InicioTramitePresunto?idPrestacion=1021;https://www.buenosaires.gob.ar/tramites/turnos/vtv
https://formulario-sigeci.buenosaires.gob.ar/InicioTramitePresunto?idPrestacion=1021;https://formulario-sigeci.buenosaires.gob.ar/rss/noticias
https://formulario-sigeci.buenosaires.gob.ar/InicioTramitePresunto?idPrestacion=1021;https://www.buenosaires.gob.ar/accesible
https://formulario-sigeci.buenosaires.gob.ar/InicioTramitePresunto?idPrestacion=1021;https://www.buenosaires.gob.ar/innovacion/ciudadinteligente/gestiondigital/webs-y-apps
https://formulario-sigeci.buenosaires.gob.ar/InicioTramiteComun?idPrestacion=1023;https://drive.google.com/file/d/1teZP5oGDn7rCI0JJ0LfRNUuW6CuvCXAC/view?usp=sharing
https://formulario-sigeci.buenosaires.gob.ar/InicioTramiteComun?idPrestacion=1023;http://www2.cedom.gob.ar/es/legislacion/normas/leyes/ley1845.html
https://formulario-sigeci.buenosaires.gob.ar/InicioTramiteComun?idPrestacion=1023;https://formulario-sigeci.buenosaires.gob.ar/auth/realms/miba/broker/mail/login?client_id=turnos-sigeci&tab_id=KZ1AddIQq5M&session_code=vuE2D9Grj9ds2ikfKNKredXM-i2__85QpAYbY3Oskhc
https://formulario-sigeci.buenosaires.gob.ar/InicioTramiteComun?idPrestacion=1023;https://formulario-sigeci.buenosaires.gob.ar/ingresarConEmail('email','div-error-email','error-email','kc-form-login','')
https://formulario-sigeci.buenosaires.gob.ar/InicioTramiteComun?idPrestacion=1023;"https://formulario-sigeci.buenosaires.gob.ar/return checkDobleClickRedSocial('/auth/realms/miba/broker/quark-id/login?client_id=turnos-sigeci&tab_id=KZ1AddIQq5M&session_code=vuE2D9Grj9ds2ikfKNKredXM-i2__85QpAYbY3Oskhc');"
https://formulario-sigeci.buenosaires.gob.ar/InicioTramiteComun?idPrestacion=1023;https://formulario-sigeci.buenosaires.gob.ar/auth/realms/miba/login-actions/reset-credentials?client_id=turnos-sigeci&tab_id=KZ1AddIQq5M
https://formulario-sigeci.buenosaires.gob.ar/InicioTramiteComun?idPrestacion=1023;http://www2.cedom.gob.ar/es/legislacion/normas/leyes/ley4496.html
https://formulario-sigeci.buenosaires.gob.ar/InicioTramiteComun?idPrestacion=1023;https://formulario-sigeci.buenosaires.gob.ar/auth/realms/miba/broker/mail/login?client_id=turnos-sigeci&tab_id=KZ1AddIQq5M&session_code=vuE2D9Grj9ds2ikfKNKredXM-i2__85QpAYbY3Oskhc&password-reset=true
https://formulario-sigeci.buenosaires.gob.ar/InicioTramiteComun?idPrestacion=1023;https://formulario-sigeci.buenosaires.gob.ar/auth/realms/miba/broker/mail/login?client_id=turnos-sigeci&tab_id=KZ1AddIQq5M&session_code=vuE2D9Grj9ds2ikfKNKredXM-i2__85QpAYbY3Oskhc&create=true
https://buenosaires.gob.ar/infraestructura/movilidad;https://buenosaires.gob.ar/node/56653
https://buenosaires.gob.ar/infraestructura/movilidad;https://buenosaires.gob.ar/movilidad/controlyseguridadvial/concurso-de-educacion-vial-para-escuelas-ciudad-de-buenos-aires
https://buenosaires.gob.ar/infraestructura/movilidad;https://buenosaires.gob.ar/tramites/grabado-de-autopartes-de-vehiculos-automotores-1
https://buenosaires.gob.ar/infraestructura/movilidad;https://buenosaires.gob.ar/tramites/denuncia-por-automovil-abandonado-en-la-publica-2
https://buenosaires.gob.ar/infraestructura/movilidad;https://buenosaires.gob.ar/tramites/consulta-de-infracciones-2
https://buenosaires.gob.ar/infraestructura/movilidad;https://buenosaires.gob.ar/tramites/verificacion-tecnica-vehicular-obligatoria-1
https://buenosaires.gob.ar/infraestructura;https://concursosgcaba.buenosaires.gob.ar/
https://buenosaires.gob.ar/infraestructura;https://buenosaires.gob.ar/node/92465
https://buenosaires.gob.ar/infraestructura;https://www.ausa.com.ar/
https://boletinoficial.buenosaires.gob.ar/infoGeneral;https://www.boletinoficial.buenosaires.gob.ar
https://boletinoficial.buenosaires.gob.ar/requisistosGral;https://www.buenosaires.gob.ar/tramites/tad
https://boletinoficial.buenosaires.gob.ar/normasDestacadas;https://www.boletinoficial.buenosaires.gob.ar/documentos/boletines/legacy/Dec-1120.htm
https://boletinoficial.buenosaires.gob.ar/normasDestacadas;https://www.boletinoficial.buenosaires.gob.ar/documentos/boletines/legacy/separata11.htm
https://boletinoficial.buenosaires.gob.ar/normasDestacadas;https://www.boletinoficial.buenosaires.gob.ar/documentos/boletines/legacy/Ley1010.htm
https://boletinoficial.buenosaires.gob.ar/normasDestacadas;https://www.boletinoficial.buenosaires.gob.ar/documentos/boletines/legacy/308.htm
https://boletinoficial.buenosaires.gob.ar/normasDestacadas;https://www.boletinoficial.buenosaires.gob.ar/documentos/boletines/legacy/separatas/Registro.htm
https://boletinoficial.buenosaires.gob.ar/normasDestacadas;https://www.boletinoficial.buenosaires.gob.ar/documentos/boletines/legacy/separatas/tocodigofiscal2005/tocf.htm
https://boletinoficial.buenosaires.gob.ar/normasDestacadas;https://www.boletinoficial.buenosaires.gob.ar/documentos/boletines/legacy/20050104/Tarifaria.htm
https://boletinoficial.buenosaires.gob.ar/normasDestacadas;https://www.boletinoficial.buenosaires.gob.ar/documentos/boletines/legacy/separatas/Ley1010.htm
https://boletinoficial.buenosaires.gob.ar/normasDestacadas;https://www.boletinoficial.buenosaires.gob.ar/documentos/boletines/legacy/separatas/reencasillamiento/1843.htm
https://boletinoficial.buenosaires.gob.ar/normasDestacadas;https://www.boletinoficial.buenosaires.gob.ar/documentos/boletines/legacy/separatas/2390.htm
https://boletinoficial.buenosaires.gob.ar/normasDestacadas;https://www.boletinoficial.buenosaires.gob.ar/documentos/boletines/legacy/ley123.htm
https://boletinoficial.buenosaires.gob.ar/normasDestacadas;https://www.boletinoficial.buenosaires.gob.ar/documentos/boletines/legacy/separatas/Ley1011.htm
https://boletinoficial.buenosaires.gob.ar/normasDestacadas;https://www.boletinoficial.buenosaires.gob.ar/documentos/boletines/legacy/CPU.htm
https://boletinoficial.buenosaires.gob.ar/normasDestacadas;https://www.boletinoficial.buenosaires.gob.ar/documentos/boletines/legacy/20020404%20-%20Cdigo%20Fiscal.htm
https://boletinoficial.buenosaires.gob.ar/normasDestacadas;https://www.boletinoficial.buenosaires.gob.ar/documentos/boletines/legacy//separatas/ley561/ley561.htm
https://boletinoficial.buenosaires.gob.ar/normasDestacadas;https://www.boletinoficial.buenosaires.gob.ar/documentos/boletines/legacy/20080617.htm
https://boletinoficial.buenosaires.gob.ar/normasDestacadas;https://www.boletinoficial.buenosaires.gob.ar/documentos/boletines/legacy/separatas/20080620separata/20080620separata.htm
https://boletinoficial.buenosaires.gob.ar/normasDestacadas;https://www.boletinoficial.buenosaires.gob.ar/documentos/boletines/legacy/20010522separata.htm
https://boletinoficial.buenosaires.gob.ar/normasDestacadas;https://www.boletinoficial.buenosaires.gob.ar/documentos/boletines/legacy//Dec1352/Dec319.htm
https://boletinoficial.buenosaires.gob.ar/normasDestacadas;https://www.boletinoficial.buenosaires.gob.ar/documentos/boletines/legacy/separatas/tocf2006.htm
https://boletinoficial.buenosaires.gob.ar/normasDestacadas;https://www.boletinoficial.buenosaires.gob.ar/documentos/boletines/legacy/separatas/estructura2075/estructura.htm
https://boletinoficial.buenosaires.gob.ar/normasDestacadas;https://www.boletinoficial.buenosaires.gob.ar/documentos/boletines/legacy/20071228.htm
https://boletinoficial.buenosaires.gob.ar/normasDestacadas;https://www.boletinoficial.buenosaires.gob.ar/documentos/boletines/legacy/20080730.htm
https://boletinoficial.buenosaires.gob.ar/normasDestacadas;https://www.boletinoficial.buenosaires.gob.ar/documentos/boletines/legacy/separatas/codigofiscal2004/textocodigofiscal.htm
https://boletinoficial.buenosaires.gob.ar/normasDestacadas;https://www.boletinoficial.buenosaires.gob.ar/documentos/boletines/legacy/20080513.htm
https://boletinoficial.buenosaires.gob.ar/normasDestacadas;https://www.boletinoficial.buenosaires.gob.ar/documentos/boletines/legacy/sumario.htm
https://boletinoficial.buenosaires.gob.ar/normasDestacadas;https://www.boletinoficial.buenosaires.gob.ar/documentos/boletines/legacy/separatas/20060110ley1856.htm
https://boletinoficial.buenosaires.gob.ar/normasDestacadas;https://www.boletinoficial.buenosaires.gob.ar/documentos/boletines/legacy/separatas/cpu2007.htm
https://boletinoficial.buenosaires.gob.ar/normasDestacadas;https://www.boletinoficial.buenosaires.gob.ar/documentos/boletines/legacy/separatas/leytarifaria2004/textoleytarifaria2004.htm
https://buenosaires.gob.ar/jefaturadegabinete/innovacion/plataforma-miBA;route:<nolink>
https://buenosaires.gob.ar/legalytecnica;https://concursosgcaba.buenosaires.gob.ar/concursos
https://buenosaires.gob.ar/legalytecnica;https://www.agcba.gov.ar/web/index.php
https://ash.buenosaires.gob.ar/justiciayseguridad/infracciones;https://ash.buenosaires.gob.ar/consulta-de-infracciones
https://ash.buenosaires.gob.ar/justiciayseguridad/infracciones;https://ash.buenosaires.gob.ar/gobierno/transparencia 
https://formulario-sigeci.buenosaires.gob.ar/InicioTramiteComun?idPrestacion=3084;"https://formulario-sigeci.buenosaires.gob.ar/return checkDobleClickRedSocial('/auth/realms/miba/broker/quark-id/login?client_id=turnos-sigeci&tab_id=SwupFopfnTg&session_code=nF-rB_klal6Y8fEFayZr7OrV4dN2agPkxDJ4aLSVUfE');"
https://formulario-sigeci.buenosaires.gob.ar/InicioTramiteComun?idPrestacion=3084;https://apps.apple.com/ar/app/miba/id1138339992
https://formulario-sigeci.buenosaires.gob.ar/InicioTramiteComun?idPrestacion=3084;https://formulario-sigeci.buenosaires.gob.ar/auth/realms/miba/login-actions/reset-credentials?client_id=turnos-sigeci&tab_id=SwupFopfnTg
https://formulario-sigeci.buenosaires.gob.ar/InicioTramiteComun?idPrestacion=3084;https://formulario-sigeci.buenosaires.gob.ar/auth/realms/miba/broker/mail/login?client_id=turnos-sigeci&tab_id=SwupFopfnTg&session_code=nF-rB_klal6Y8fEFayZr7OrV4dN2agPkxDJ4aLSVUfE
https://formulario-sigeci.buenosaires.gob.ar/InicioTramiteComun?idPrestacion=3084;https://formulario-sigeci.buenosaires.gob.ar/auth/realms/miba/broker/mail/login?client_id=turnos-sigeci&tab_id=SwupFopfnTg&session_code=nF-rB_klal6Y8fEFayZr7OrV4dN2agPkxDJ4aLSVUfE&create=true
https://formulario-sigeci.buenosaires.gob.ar/InicioTramiteComun?idPrestacion=3084;https://formulario-sigeci.buenosaires.gob.ar/auth/realms/miba/broker/mail/login?client_id=turnos-sigeci&tab_id=SwupFopfnTg&session_code=nF-rB_klal6Y8fEFayZr7OrV4dN2agPkxDJ4aLSVUfE&password-reset=true
https://buenosaires.gob.ar/gobierno;https://buenosaires.gob.ar/hlarreta@buenosaires.gob.ar
https://buenosaires.gob.ar/gobierno;https://buenosaires.gob.ar/jmacri@buenosaires.gob.ar
https://buenosaires.gob.ar/gobierno;https://x.com/cesartorresok
https://buenosaires.gob.ar/jefedegobierno;https://buenosaires.gob.ar/jefe-de-gobierno-0
https://formulario-sigeci.buenosaires.gob.ar/InicioTramiteComun?idPrestacion=2784;https://formulario-sigeci.buenosaires.gob.ar/auth/realms/miba/broker/mail/login?client_id=turnos-sigeci&tab_id=q3HAwFNrmMs&session_code=M0zdDSCpAzOWVC9O8TDETX9k0Cqpf41mXMIc0OIpDyo
https://formulario-sigeci.buenosaires.gob.ar/InicioTramiteComun?idPrestacion=2784;https://formulario-sigeci.buenosaires.gob.ar/auth/realms/miba/login-actions/reset-credentials?client_id=turnos-sigeci&tab_id=q3HAwFNrmMs
https://formulario-sigeci.buenosaires.gob.ar/InicioTramiteComun?idPrestacion=2784;https://formulario-sigeci.buenosaires.gob.ar/auth/realms/miba/broker/mail/login?client_id=turnos-sigeci&tab_id=q3HAwFNrmMs&session_code=M0zdDSCpAzOWVC9O8TDETX9k0Cqpf41mXMIc0OIpDyo&create=true
https://formulario-sigeci.buenosaires.gob.ar/InicioTramiteComun?idPrestacion=2784;"https://formulario-sigeci.buenosaires.gob.ar/return checkDobleClickRedSocial('/auth/realms/miba/broker/quark-id/login?client_id=turnos-sigeci&tab_id=q3HAwFNrmMs&session_code=M0zdDSCpAzOWVC9O8TDETX9k0Cqpf41mXMIc0OIpDyo');"
https://formulario-sigeci.buenosaires.gob.ar/InicioTramiteComun?idPrestacion=2784;https://formulario-sigeci.buenosaires.gob.ar/auth/realms/miba/broker/mail/login?client_id=turnos-sigeci&tab_id=q3HAwFNrmMs&session_code=M0zdDSCpAzOWVC9O8TDETX9k0Cqpf41mXMIc0OIpDyo&password-reset=true
https://www.buenosaires.gob.ar/tramites;https://www.buenosaires.gob.ar/gobierno/atencion-ciudadana
https://plandegobierno.buenosaires.gob.ar/;http://www.buenosaires.gov.ar/organigrama/?menu_id=505
https://plandegobierno.buenosaires.gob.ar/;https://boletinoficial.buenosaires.gob.ar/areas/leg_tecnica/boletinOficial/
https://plandegobierno.buenosaires.gob.ar/;https://plandegobierno.buenosaires.gob.ar/legalytecnica/normativa/formulario-de-busqueda
https://plandegobierno.buenosaires.gob.ar/;https://www.buenosaires.gob.ar/ambienteyespaciopublico
https://plandegobierno.buenosaires.gob.ar/;https://gobiernoabierto.buenosaires.gob.ar/
https://plandegobierno.buenosaires.gob.ar/;http://www.buenosaires.gov.ar/organigrama/funcionarios/?menu_id=713
https://plandegobierno.buenosaires.gob.ar/;https://www.buenosaires.gob.ar/compromisos
https://www.buenosaires.gob.ar/gobierno/informacionpublica/nuestras-redes;https://redfederalaip.com.ar/
https://www.buenosaires.gob.ar/gobierno/informacionpublica/nuestras-redes;https://redrta.org/
https://www.buenosaires.gob.ar/jefedegobierno/transparencia/participacion-ciudadana;https://www.buenosaires.gob.ar/participacionciudadana
https://www.buenosaires.gob.ar/legalytecnica/transparencia/ecosistema-de-gobierno-abierto;https://www.buenosaires.gob.ar/node/124373
https://www.buenosaires.gob.ar/gobierno/transparencia/sistema-de-indicadores-de-genero-ba-sigba-0;https://buenosaires.gob.ar/igualdaddegenero/indicadores-de-genero
https://www.buenosaires.gob.ar/transparencia/vision;https://www.buenosaires.gob.ar/agendadetransparencia/gobierno-abierto
https://www.buenosaires.gob.ar/secretaria-legal-y-tecnica-seclyt/institucional;https://www.buenosaires.gob.ar/educacion/institucional-ministerio-de-educacion-e-innovacion
https://www.buenosaires.gob.ar/secretaria-legal-y-tecnica-seclyt/institucional;https://www.buenosaires.gob.ar/desarrollohumanoyhabitat/institucional-ministerio-de-desarrollo-humano-y-habitat
https://www.buenosaires.gob.ar/secretaria-legal-y-tecnica-seclyt/institucional;https://www.buenosaires.gob.ar/jefedegobierno/secretariageneral/institucional-secretaria-general
https://www.buenosaires.gob.ar/secretaria-legal-y-tecnica-seclyt/institucional;https://www.buenosaires.gob.ar/hacienda-y-finanzas
https://www.buenosaires.gob.ar/secretaria-legal-y-tecnica-seclyt/institucional;https://www.buenosaires.gob.ar/vicejefatura/vicejefatura-de-gobierno
https://www.buenosaires.gob.ar/secretaria-legal-y-tecnica-seclyt/institucional;https://www.buenosaires.gob.ar/cultura/institucional
https://www.buenosaires.gob.ar/secretaria-legal-y-tecnica-seclyt/institucional;https://www.buenosaires.gob.ar/cdnnya/institucional-presidencia
https://www.buenosaires.gob.ar/secretaria-legal-y-tecnica-seclyt/institucional;https://www.buenosaires.gob.ar/medios/institucional-secretaria-de-medios
https://www.buenosaires.gob.ar/jefedegobierno/transparencia/compras-publicas;https://www.buenosaires.gob.ar/coronavirus/comprascoronavirus
https://www.buenosaires.gob.ar/ministerio-de-gobierno/transparencia/recursos-humanos;https://www2.buenosaires.gob.ar/regimengerencial/concursos/
https://www.buenosaires.gob.ar/jefedegobierno/transparencia/bienes-de-la-ciudad;https://www.buenosaires.gob.ar/economiayfinanzas/desarrollo-economico/dgconcesiones/listado
https://www.buenosaires.gob.ar/gobierno/transparencia/presupuesto;https://data.buenosaires.gob.ar/dataset/presupuesto-ejecutado
https://buenosaires.gob.ar/legalytecnica/oficina-de-integridad-publica/declaraciones-juradas;https://buenosaires.gob.ar/node/16034
https://buenosaires.gob.ar/seguridad-privada-y-custodia-de-bienes/registros-publicos;https://buenosaires.gob.ar/contenido/contacto-22
https://buenosaires.gob.ar/gobierno/transparencia;https://buenosaires.gob.ar/jefedegobierno/transparencia/proyectos-especiales
https://buenosaires.gob.ar/gobierno/transparencia;https://buenosaires.gob.ar/igualdaddegenero
https://www.buenosaires.gob.ar/areasdegobierno;https://www.buenosaires.gob.ar/serviciosjuridicosgratuitos
https://www.buenosaires.gob.ar/areasdegobierno;https://www.buenosaires.gob.ar/desarrolloeconomico/desarrollo-saludable
https://www.buenosaires.gob.ar/areasdegobierno;https://www.buenosaires.gob.ar/desarrollo-urbano
https://www.buenosaires.gob.ar/areasdegobierno;https://www.buenosaires.gob.ar/personas-mayores
https://www.buenosaires.gob.ar/areasdegobierno;http://www.urban20.org/
https://buenosaires.gob.ar/turnos;https://formulario-sigeci.buenosaires.gob.ar/InicioTramiteComun?idPrestacion=3745
https://buenosaires.gob.ar/turnos;https://buenosaires.gob.ar/tramites/reimpresion-licencia-conducir-covid-19
https://buenosaires.gob.ar/turnos;https://dgpdt.buenosaires.gob.ar/control/index.php
https://buenosaires.gob.ar/turnos;https://buenosaires.gob.ar/tramites/turnos-salud-hospitales
https://www.buenosaires.gob.ar/tramites/denuncia-de-venta-de-dominio;https://www.buenosaires.gob.ar/jefatura-de-gabinete
https://buenosaires.gob.ar/mapadesitio;https://buenosaires.gob.ar/salud/serviciosdesalud
https://buenosaires.gob.ar/mapadesitio;https://buenosaires.gob.ar/vicejefatura/bajoven
https://buenosaires.gob.ar/mapadesitio;https://buenosaires.gob.ar/compromisos
https://buenosaires.gob.ar/mapadesitio;https://buenosaires.gob.ar/ambienteyespaciopublico/higiene
https://buenosaires.gob.ar/mapadesitio;https://buenosaires.gob.ar/desarrollourbano/transporte
https://buenosaires.gob.ar/mapadesitio;https://buenosaires.gob.ar/desarrollohumanoyhabitat/habitat
https://buenosaires.gob.ar/mapadesitio;https://buenosaires.gob.ar/desarrollourbano
https://buenosaires.gob.ar/mapadesitio;https://buenosaires.gob.ar/hacienda/presupuesto
https://buenosaires.gob.ar/mapadesitio;http://www.estadisticaciudad.gob.ar/eyc/
https://buenosaires.gob.ar/mapadesitio;https://buenosaires.gob.ar/cultura/patrimoniocultural
https://buenosaires.gob.ar/mapadesitio;https://buenosaires.gob.ar/vicejefatura/desarrollosaludable
https://buenosaires.gob.ar/mapadesitio;https://buenosaires.gob.ar/hacienda
https://buenosaires.gob.ar/mapadesitio;https://buenosaires.gob.ar/demandaciudadana
https://buenosaires.gob.ar/mapadesitio;https://buenosaires.gob.ar/desarrollohumanoyhabitat/serviciossocialeszonales
https://buenosaires.gob.ar/mapadesitio;https://buenosaires.gob.ar/cultura/fomentodelacultura
https://buenosaires.gob.ar/mapadesitio;https://buenosaires.gob.ar/jefedegobierno/institucional-subsecretaria-de-contenidos
https://buenosaires.gob.ar/mapadesitio;https://buenosaires.gob.ar/planificacion
https://buenosaires.gob.ar/mapadesitio;https://buenosaires.gob.ar/jefedegobierno/jefe-de-gobierno
https://buenosaires.gob.ar/mapadesitio;https://buenosaires.gob.ar/hacienda/compras
https://buenosaires.gob.ar/mapadesitio;https://buenosaires.gob.ar/ambienteyespaciopublico/espacio-publico
https://buenosaires.gob.ar/mapadesitio;https://festivales.buenosaires.gob.ar/es/home
https://buenosaires.gob.ar/mapadesitio;https://buenosaires.gob.ar/desarrollohumanoyhabitat/ciudadaniaportena
https://buenosaires.gob.ar/mapadesitio;https://buenosaires.gob.ar/ambienteyespaciopublico
https://buenosaires.gob.ar/mapadesitio;https://buenosaires.gob.ar/salud/programasdesalud
https://www.buenosaires.gob.ar/jefaturadegabinete;https://www.buenosaires.gob.ar/gsanchezzinny@buenosaires.gob.ar
